{
  "GW170817": {
    "DL_Mpc": 40.0,
    "GPS": 1187008882.4,
    "M_total": NaN,
    "Mf": 2.8,
    "chi_eff": 0.0,
    "chirp_mass": 1.186,
    "detectors": "G1,H1,L1,V1",
    "glitch_mitigated": false,
    "m1": 1.46,
    "m2": 1.27,
    "p_astro": 1.0,
    "snr": 33.0,
    "z": 0.01
  },
  "GW190408_181802": {
    "DL_Mpc": 1540.0,
    "GPS": 1238782700.2,
    "M_total": 43.4,
    "Mf": 41.4,
    "chi_eff": -0.03,
    "chirp_mass": 18.5,
    "detectors": "H1,L1,V1",
    "glitch_mitigated": false,
    "m1": 24.8,
    "m2": 18.5,
    "p_astro": 1.0,
    "snr": 14.6,
    "z": 0.29
  },
  "GW190412": {
    "DL_Mpc": 720.0,
    "GPS": 1239082262.1,
    "M_total": 36.8,
    "Mf": 35.6,
    "chi_eff": 0.21,
    "chirp_mass": 13.3,
    "detectors": "H1,L1,V1",
    "glitch_mitigated": false,
    "m1": 27.7,
    "m2": 9.0,
    "p_astro": 1.0,
    "snr": 19.8,
    "z": 0.15
  },
  "GW190413_052954": {
    "DL_Mpc": 3320.0,
    "GPS": 1239168612.5,
    "M_total": 58.0,
    "Mf": 55.5,
    "chi_eff": -0.04,
    "chirp_mass": 24.5,
    "detectors": "H1,L1",
    "glitch_mitigated": false,
    "m1": 33.7,
    "m2": 24.2,
    "p_astro": 0.9275,
    "snr": 9.0,
    "z": 0.56
  },
  "GW190413_134308": {
    "DL_Mpc": 3800.0,
    "GPS": 1239198206.7,
    "M_total": 81.3,
    "Mf": 78.0,
    "chi_eff": -0.01,
    "chirp_mass": 33.3,
    "detectors": "H1,L1,V1",
    "glitch_mitigated": false,
    "m1": 51.3,
    "m2": 30.4,
    "p_astro": 0.99058,
    "snr": 10.6,
    "z": 0.62
  },
  "GW190421_213856": {
    "DL_Mpc": 2590.0,
    "GPS": 1239917954.2,
    "M_total": 73.6,
    "Mf": 70.5,
    "chi_eff": -0.1,
    "chirp_mass": 31.4,
    "detectors": "H1,L1",
    "glitch_mitigated": false,
    "m1": 42.0,
    "m2": 32.0,
    "p_astro": 0.99792,
    "snr": 10.7,
    "z": 0.45
  },
  "GW190503_185404": {
    "DL_Mpc": 1520.0,
    "GPS": 1240944862.2,
    "M_total": 69.4,
    "Mf": 66.5,
    "chi_eff": -0.05,
    "chirp_mass": 29.3,
    "detectors": "H1,L1,V1",
    "glitch_mitigated": false,
    "m1": 41.3,
    "m2": 28.3,
    "p_astro": 1.0,
    "snr": 12.2,
    "z": 0.29
  },
  "GW190512_180714": {
    "DL_Mpc": 1460.0,
    "GPS": 1241719652.4,
    "M_total": 35.8,
    "Mf": 34.3,
    "chi_eff": 0.02,
    "chirp_mass": 14.6,
    "detectors": "H1,L1,V1",
    "glitch_mitigated": false,
    "m1": 23.2,
    "m2": 12.5,
    "p_astro": 1.0,
    "snr": 12.7,
    "z": 0.28
  },
  "GW190513_205428": {
    "DL_Mpc": 2210.0,
    "GPS": 1241816086.7,
    "M_total": 54.4,
    "Mf": 52.1,
    "chi_eff": 0.16,
    "chirp_mass": 21.8,
    "detectors": "H1,L1,V1",
    "glitch_mitigated": false,
    "m1": 36.0,
    "m2": 18.3,
    "p_astro": 0.99998,
    "snr": 12.5,
    "z": 0.4
  },
  "GW190517_055101": {
    "DL_Mpc": 1790.0,
    "GPS": 1242107479.8,
    "M_total": 64.1,
    "Mf": 60.1,
    "chi_eff": 0.49,
    "chirp_mass": 26.5,
    "detectors": "H1,L1,V1",
    "glitch_mitigated": false,
    "m1": 39.2,
    "m2": 24.0,
    "p_astro": 1.0,
    "snr": 10.8,
    "z": 0.33
  },
  "GW190519_153544": {
    "DL_Mpc": 2600.0,
    "GPS": 1242315362.3,
    "M_total": 105.6,
    "Mf": 100.0,
    "chi_eff": 0.33,
    "chirp_mass": 44.3,
    "detectors": "H1,L1,V1",
    "glitch_mitigated": false,
    "m1": 65.1,
    "m2": 40.8,
    "p_astro": 1.0,
    "snr": 15.9,
    "z": 0.45
  },
  "GW190521": {
    "DL_Mpc": 3310.0,
    "GPS": 1242442967.4,
    "M_total": 153.1,
    "Mf": 147.4,
    "chi_eff": -0.14,
    "chirp_mass": 63.3,
    "detectors": "H1,L1,V1",
    "glitch_mitigated": false,
    "m1": 98.4,
    "m2": 57.2,
    "p_astro": 0.99989,
    "snr": 14.3,
    "z": 0.56
  },
  "GW190521_074359": {
    "DL_Mpc": 1080.0,
    "GPS": 1242459857.4,
    "M_total": 76.3,
    "Mf": 72.6,
    "chi_eff": 0.1,
    "chirp_mass": 32.8,
    "detectors": "H1,L1",
    "glitch_mitigated": false,
    "m1": 43.4,
    "m2": 33.4,
    "p_astro": 1.0,
    "snr": 25.9,
    "z": 0.21
  },
  "GW190602_175927": {
    "DL_Mpc": 2840.0,
    "GPS": 1243533585.0,
    "M_total": 115.6,
    "Mf": 110.5,
    "chi_eff": 0.12,
    "chirp_mass": 48.0,
    "detectors": "H1,L1,V1",
    "glitch_mitigated": false,
    "m1": 71.8,
    "m2": 44.8,
    "p_astro": 1.0,
    "snr": 13.2,
    "z": 0.49
  },
  "GW190620_030421": {
    "DL_Mpc": 2910.0,
    "GPS": 1245035079.3,
    "M_total": 92.7,
    "Mf": 88.0,
    "chi_eff": 0.34,
    "chirp_mass": 38.1,
    "detectors": "L1,V1",
    "glitch_mitigated": false,
    "m1": 58.0,
    "m2": 35.0,
    "p_astro": 0.98748,
    "snr": 12.1,
    "z": 0.5
  },
  "GW190630_185205": {
    "DL_Mpc": 870.0,
    "GPS": 1245955943.1,
    "M_total": 59.4,
    "Mf": 56.6,
    "chi_eff": 0.1,
    "chirp_mass": 25.1,
    "detectors": "L1,V1",
    "glitch_mitigated": false,
    "m1": 35.1,
    "m2": 24.0,
    "p_astro": 1.0,
    "snr": 16.4,
    "z": 0.18
  },
  "GW190701_203306": {
    "DL_Mpc": 2090.0,
    "GPS": 1246048404.5,
    "M_total": 94.3,
    "Mf": 90.2,
    "chi_eff": -0.08,
    "chirp_mass": 40.2,
    "detectors": "H1,L1,V1",
    "glitch_mitigated": false,
    "m1": 54.1,
    "m2": 40.5,
    "p_astro": 0.99986,
    "snr": 11.2,
    "z": 0.38
  },
  "GW190706_222641": {
    "DL_Mpc": 3630.0,
    "GPS": 1246487219.3,
    "M_total": 112.6,
    "Mf": 107.3,
    "chi_eff": 0.28,
    "chirp_mass": 45.6,
    "detectors": "H1,L1,V1",
    "glitch_mitigated": false,
    "m1": 74.0,
    "m2": 39.4,
    "p_astro": 1.0,
    "snr": 13.4,
    "z": 0.6
  },
  "GW190707_093326": {
    "DL_Mpc": 850.0,
    "GPS": 1246527224.1,
    "M_total": 20.1,
    "Mf": 19.2,
    "chi_eff": -0.04,
    "chirp_mass": 8.4,
    "detectors": "H1,L1",
    "glitch_mitigated": false,
    "m1": 12.1,
    "m2": 7.9,
    "p_astro": 1.0,
    "snr": 13.1,
    "z": 0.17
  },
  "GW190708_232457": {
    "DL_Mpc": 930.0,
    "GPS": 1246663515.3,
    "M_total": 31.4,
    "Mf": 30.1,
    "chi_eff": 0.05,
    "chirp_mass": 13.1,
    "detectors": "L1,V1",
    "glitch_mitigated": false,
    "m1": 19.8,
    "m2": 11.6,
    "p_astro": 0.99965,
    "snr": 13.4,
    "z": 0.19
  },
  "GW190720_000836": {
    "DL_Mpc": 770.0,
    "GPS": 1247616534.7,
    "M_total": 21.8,
    "Mf": 20.8,
    "chi_eff": 0.19,
    "chirp_mass": 9.0,
    "detectors": "H1,L1,V1",
    "glitch_mitigated": false,
    "m1": 14.2,
    "m2": 7.5,
    "p_astro": 1.0,
    "snr": 10.9,
    "z": 0.16
  },
  "GW190725_174728": {
    "DL_Mpc": 1030.0,
    "GPS": 1248112066.4,
    "M_total": 18.3,
    "Mf": 17.6,
    "chi_eff": -0.04,
    "chirp_mass": 7.4,
    "detectors": "H1,L1,V1",
    "glitch_mitigated": false,
    "m1": 11.8,
    "m2": 6.3,
    "p_astro": 0.96021,
    "snr": 9.1,
    "z": 0.2
  },
  "GW190727_060333": {
    "DL_Mpc": 3070.0,
    "GPS": 1248242631.9,
    "M_total": 68.8,
    "Mf": 65.4,
    "chi_eff": 0.09,
    "chirp_mass": 29.4,
    "detectors": "H1,L1,V1",
    "glitch_mitigated": false,
    "m1": 38.9,
    "m2": 30.2,
    "p_astro": 1.0,
    "snr": 11.7,
    "z": 0.52
  },
  "GW190728_064510": {
    "DL_Mpc": 880.0,
    "GPS": 1248331528.5,
    "M_total": 20.7,
    "Mf": 19.7,
    "chi_eff": 0.13,
    "chirp_mass": 8.6,
    "detectors": "H1,L1,V1",
    "glitch_mitigated": false,
    "m1": 12.5,
    "m2": 8.0,
    "p_astro": 1.0,
    "snr": 13.1,
    "z": 0.18
  },
  "GW190803_022701": {
    "DL_Mpc": 3190.0,
    "GPS": 1248834439.8,
    "M_total": 65.0,
    "Mf": 62.1,
    "chi_eff": -0.01,
    "chirp_mass": 27.6,
    "detectors": "H1,L1,V1",
    "glitch_mitigated": false,
    "m1": 37.7,
    "m2": 27.6,
    "p_astro": 0.97383,
    "snr": 9.3,
    "z": 0.54
  },
  "GW190805_211137": {
    "DL_Mpc": 6130.0,
    "GPS": 1249074715.3,
    "M_total": 76.7,
    "Mf": 72.4,
    "chi_eff": 0.37,
    "chirp_mass": 31.9,
    "detectors": "H1,L1",
    "glitch_mitigated": false,
    "m1": 46.2,
    "m2": 30.6,
    "p_astro": 0.95372,
    "snr": 8.1,
    "z": 0.92
  },
  "GW190814": {
    "DL_Mpc": 230.0,
    "GPS": 1249852257.0,
    "M_total": 25.9,
    "Mf": 25.7,
    "chi_eff": 0.0,
    "chirp_mass": 6.11,
    "detectors": "H1,L1,V1",
    "glitch_mitigated": false,